[
  {
    "id": "0cc58994-a1d1-444b-b36c-8ab97d25ad7c",
    "data": [
      {
        "text": "talk about yourself please",
        "userDefined": false
      }
    ],
    "isTemplate": false,
    "count": 0,
    "updated": 0
  },
  {
    "id": "574eadc4-7477-43f5-b4f3-ebe76228a451",
    "data": [
      {
        "text": "let\u0027s talk about you",
        "userDefined": false
      }
    ],
    "isTemplate": false,
    "count": 0,
    "updated": 0
  },
  {
    "id": "f75ee0d5-d7d3-486c-be89-13314b29041c",
    "data": [
      {
        "text": "can you tell me a little about yourself",
        "userDefined": false
      }
    ],
    "isTemplate": false,
    "count": 0,
    "updated": 0
  },
  {
    "id": "92b3acf5-c483-4c9f-a51d-fe0962d23771",
    "data": [
      {
        "text": "tell me about yourself",
        "userDefined": false
      }
    ],
    "isTemplate": false,
    "count": 0,
    "updated": 0
  },
  {
    "id": "2ad8eb93-f523-445c-a2f8-ff4315f2d889",
    "data": [
      {
        "text": "could you tell me about yourself",
        "userDefined": false
      }
    ],
    "isTemplate": false,
    "count": 0,
    "updated": 0
  }
]