[
  {
    "id": "28821cd9-7b54-4c47-bd09-796ae37d4067",
    "data": [
      {
        "text": "hi",
        "userDefined": false
      }
    ],
    "isTemplate": false,
    "count": 0,
    "updated": 0
  },
  {
    "id": "c58fe437-fa33-4859-99a9-c84d237dfd69",
    "data": [
      {
        "text": "good day",
        "userDefined": false
      }
    ],
    "isTemplate": false,
    "count": 0,
    "updated": 0
  },
  {
    "id": "f97d02b2-ca7f-4b00-a748-b6071e8c6ad0",
    "data": [
      {
        "text": "hello",
        "userDefined": false
      }
    ],
    "isTemplate": false,
    "count": 0,
    "updated": 0
  },
  {
    "id": "9fbf5f3d-1057-47ad-84d3-d1d824e1c7cc",
    "data": [
      {
        "text": "what\u0027s up",
        "userDefined": false
      }
    ],
    "isTemplate": false,
    "count": 0,
    "updated": 0
  },
  {
    "id": "939a3403-9b04-4c9e-94fa-00d3a0c071f6",
    "data": [
      {
        "text": "hey",
        "userDefined": false
      }
    ],
    "isTemplate": false,
    "count": 0,
    "updated": 0
  },
  {
    "id": "f4df7f78-2b18-4a2b-8fc9-fd320c719664",
    "data": [
      {
        "text": "good morning",
        "userDefined": false
      }
    ],
    "isTemplate": false,
    "count": 0,
    "updated": 0
  },
  {
    "id": "457c2530-1244-4fa4-bb41-3553527951de",
    "data": [
      {
        "text": "how are you doing",
        "userDefined": false
      }
    ],
    "isTemplate": false,
    "count": 0,
    "updated": 0
  }
]