[
  {
    "id": "d8cd0b24-5a78-452a-93e7-1328f1812234",
    "data": [
      {
        "text": "what do you do in your free time",
        "userDefined": false
      }
    ],
    "isTemplate": false,
    "count": 0,
    "updated": 0
  },
  {
    "id": "5b9ae7f1-a254-4dc4-bc36-ecb7239acad6",
    "data": [
      {
        "text": "what are your hobbies",
        "userDefined": false
      }
    ],
    "isTemplate": false,
    "count": 0,
    "updated": 0
  },
  {
    "id": "e15ae865-7a41-4dde-8f8e-1971607a1d4b",
    "data": [
      {
        "text": "talk about your hobbies please",
        "userDefined": false
      }
    ],
    "isTemplate": false,
    "count": 1,
    "updated": 0
  },
  {
    "id": "402732eb-3fd9-4625-822d-1924a292437f",
    "data": [
      {
        "text": "tell me about your hobbies",
        "userDefined": false
      }
    ],
    "isTemplate": false,
    "count": 0,
    "updated": 0
  },
  {
    "id": "71387a94-6872-4d4b-8ab1-04f392cf6dca",
    "data": [
      {
        "text": "how about your free time?",
        "userDefined": false
      }
    ],
    "isTemplate": false,
    "count": 0,
    "updated": 0
  },
  {
    "id": "e2e88804-d8a0-46b7-ad86-6f1be8a31b80",
    "data": [
      {
        "text": "do you have a hobby",
        "userDefined": false
      }
    ],
    "isTemplate": false,
    "count": 0,
    "updated": 0
  }
]