[
  {
    "id": "233202d4-dda8-476b-8d93-cd28e50459aa",
    "data": [
      {
        "text": "do you have a portfolio",
        "userDefined": false
      }
    ],
    "isTemplate": false,
    "count": 0,
    "updated": 0
  },
  {
    "id": "684abdb2-bccf-4904-b84b-d568955c80d7",
    "data": [
      {
        "text": "I\u0027d like to take a look at your portfolio",
        "userDefined": false
      }
    ],
    "isTemplate": false,
    "count": 0,
    "updated": 0
  },
  {
    "id": "0f55cc23-d7cc-4c10-b666-7336d345cf86",
    "data": [
      {
        "text": "show me your portfolio",
        "userDefined": false
      }
    ],
    "isTemplate": false,
    "count": 0,
    "updated": 0
  },
  {
    "id": "43dc7dcd-34dd-41cd-95e2-e05340b1d816",
    "data": [
      {
        "text": "may I see your portfolio",
        "userDefined": false
      }
    ],
    "isTemplate": false,
    "count": 0,
    "updated": 0
  },
  {
    "id": "d32e79b2-077d-4b7d-a651-39745efab18b",
    "data": [
      {
        "text": "could you show me your latest works",
        "userDefined": false
      }
    ],
    "isTemplate": false,
    "count": 0,
    "updated": 0
  }
]