[
  {
    "id": "4d6075f4-2dd5-48df-ae3c-f5d6efe1f441",
    "data": [
      {
        "text": "show me your resume",
        "userDefined": false
      }
    ],
    "isTemplate": false,
    "count": 1,
    "updated": 0
  },
  {
    "id": "ab127ae9-6ece-4281-ac0a-46cbcdc35f4b",
    "data": [
      {
        "text": "may I take a look at your resume",
        "userDefined": false
      }
    ],
    "isTemplate": false,
    "count": 0,
    "updated": 0
  },
  {
    "id": "0441af28-83a6-4aed-b0a5-1a65d980a600",
    "data": [
      {
        "text": "I\u0027d like to take a look at your resume",
        "userDefined": false
      }
    ],
    "isTemplate": false,
    "count": 0,
    "updated": 0
  },
  {
    "id": "e1cecee0-b216-497d-add0-d9dfebfe524a",
    "data": [
      {
        "text": "do you have a resume",
        "userDefined": false
      }
    ],
    "isTemplate": false,
    "count": 0,
    "updated": 0
  },
  {
    "id": "217a41bb-8bf9-41d8-ae6b-65cefb040b5b",
    "data": [
      {
        "text": "could you show me your resume",
        "userDefined": false
      }
    ],
    "isTemplate": false,
    "count": 0,
    "updated": 0
  }
]