[
  {
    "id": "18d8fd97-dfd1-4dd4-9be1-ffd299112681",
    "data": [
      {
        "text": "tell me about your strengths",
        "userDefined": false
      }
    ],
    "isTemplate": false,
    "count": 0,
    "updated": 0
  },
  {
    "id": "d5570173-d5e6-4359-950c-588326a0b736",
    "data": [
      {
        "text": "what are some of your strengths",
        "userDefined": false
      }
    ],
    "isTemplate": false,
    "count": 0,
    "updated": 0
  },
  {
    "id": "f07912e2-a73c-4c5f-bd56-c02d4668cc30",
    "data": [
      {
        "text": "what would you say are your strengths",
        "userDefined": false
      }
    ],
    "isTemplate": false,
    "count": 0,
    "updated": 0
  },
  {
    "id": "0a3ae883-69fc-4144-a76b-233ec59a94cf",
    "data": [
      {
        "text": "what is your biggest strength",
        "userDefined": false
      }
    ],
    "isTemplate": false,
    "count": 0,
    "updated": 0
  },
  {
    "id": "eccf9ef3-c37c-4fbb-9c3e-a8640c76a4b0",
    "data": [
      {
        "text": "what are your strengths",
        "userDefined": false
      }
    ],
    "isTemplate": false,
    "count": 0,
    "updated": 0
  },
  {
    "id": "1daeb55c-028b-4dfe-94c5-8a69f4e79217",
    "data": [
      {
        "text": "do you have strong points",
        "userDefined": false
      }
    ],
    "isTemplate": false,
    "count": 0,
    "updated": 0
  },
  {
    "id": "9ac58f1b-ad6e-41e5-86ec-9b20aedc2e86",
    "data": [
      {
        "text": "could you tell me about your biggest strength",
        "userDefined": false
      }
    ],
    "isTemplate": false,
    "count": 0,
    "updated": 0
  }
]