[
  {
    "id": "9459069f-1ac5-49bf-872f-0bfc9fc1d165",
    "data": [
      {
        "text": "what is your biggest weakness",
        "userDefined": false
      }
    ],
    "isTemplate": false,
    "count": 0,
    "updated": 0
  },
  {
    "id": "cfc9cc41-67bb-4768-af7c-b9cab820ad0b",
    "data": [
      {
        "text": "could you tell me about your biggest weakness",
        "userDefined": false
      }
    ],
    "isTemplate": false,
    "count": 0,
    "updated": 0
  },
  {
    "id": "4b8cc1ac-b4fb-4be4-a2fa-a0f650b7b3b2",
    "data": [
      {
        "text": "tell me about your weaknesses",
        "userDefined": false
      }
    ],
    "isTemplate": false,
    "count": 0,
    "updated": 0
  },
  {
    "id": "d41bb885-d335-42b8-ae10-cc9b0795143d",
    "data": [
      {
        "text": "what are your weaknesses",
        "userDefined": false
      }
    ],
    "isTemplate": false,
    "count": 0,
    "updated": 0
  },
  {
    "id": "1f4b1aef-ba88-4e5b-b8f9-511bfc7c0cc6",
    "data": [
      {
        "text": "do you have weak points",
        "userDefined": false
      }
    ],
    "isTemplate": false,
    "count": 0,
    "updated": 0
  }
]